Polling firm/commissioner,Start date,End date,Midpoint,Sample size,ND,SYRIZA,PASOK,KKE,SP,EL,NIKI,PE,M25,FL,NA,DPK,Lead
GPO/Parapolitika,20/04/2026,23/04/2026,21/04/2026,"1,000",29.6,5.9,15.9,10.0,–,10.2,2.5,8.6,1.9,2.7,1.6,1.1,13.7
Reall Polls/Protagon,18/04/2026,20/04/2026,19/04/2026,"1,631",30.6,5.1,15.3,6.3,0.1,7.0,0.8,10.7,5.4,3.7,0.6,1.9,15.3
Interview/Political,14/04/2026,20/04/2026,17/04/2026,"4,428",30.2,3.6,15.8,6.3,–,6.3,1.2,3.9,4.0,3.4,1.5,3.3,14.4
Interview/Political,01/04/2026,04/04/2026,02/04/2026,"3,076",33.0,3.3,16.0,6.2,–,7.1,1.3,5.0,4.4,4.4,1.3,2.9,17.0
Alco/Alpha,31/03/2026,04/04/2026,02/04/2026,"1,000",29.2,5.6,14.7,8.4,–,10.6,3.1,7.7,3.6,3.7,1.4,1.2,14.5
Pulse/Skai,29/03/2026,31/03/2026,30/03/2026,"1,018",31.0,5.0,14.5,8.5,1.0,9.0,2.0,9.0,2.0,3.0,1.0,1.0,16.5
GPO/Star,28/03/2026,30/03/2026,29/03/2026,"1,200",32.0,4.6,14.9,9.9,–,10.8,2.8,8.5,2.3,2.8,1.2,1.5,17.1
Palmos Analysis/TheOpinion,26/03/2026,31/03/2026,28/03/2026,"1,004",31.3,6.8,13.6,7.8,2.0,8.8,3.5,12.2,2.7,2.4,0.9,1.4,17.7
Interview/Politic,18/03/2026,22/03/2026,20/03/2026,"3,167",34.4,4.2,15.7,6.6,–,6.3,1.6,6.0,4.1,4.0,1.7,2.9,18.7
GPO/iefimerida,17/03/2026,20/03/2026,18/03/2026,"1,000",31.4,5.5,13.7,9.4,–,10.6,1.9,9.6,2.5,2.5,2.2,1.8,17.7
MRB/Open,16/03/2026,18/03/2026,17/03/2026,"1,000",31.1,4.6,14.0,8.1,–,11.5,3.1,10.6,2.6,3.5,1.4,2.8,16.5
Metron Analysis/Mega,11/03/2026,17/03/2026,14/03/2026,"1,311",31.1,4.6,13.6,8.0,0.4,8.9,2.0,10.5,4.6,4.0,2.0,–,17.5
Real Polls/Protagon,08/03/2026,10/03/2026,09/03/2026,"1,613",30.8,3.9,14.9,7.4,0.8,8.1,1.7,12.7,3.5,3.1,1.1,2.0,15.9
Pulse/Skai,07/03/2026,10/03/2026,08/03/2026,"1,056",31.5,6.0,13.5,8.0,–,9.0,2.0,9.5,2.5,3.5,1.0,1.5,18.0
Interview/Political,05/03/2026,09/03/2026,07/03/2026,"3,175",34.1,3.5,15.4,7.5,–,7.0,1.4,5.5,4.2,3.7,1.3,2.8,18.7
Opinion Poll/Action24,04/03/2026,06/03/2026,05/03/2026,"1,004",32.7,4.7,13.2,7.8,1.5,9.2,1.9,9.6,2.9,4.9,1.0,1.7,19.5
Alco/Alpha,02/03/2026,07/03/2026,04/03/2026,"1,000",30.9,5.2,13.3,9.1,–,10.7,2.7,8.9,3.8,3.3,1.2,1.5,17.6
Interview/Politic,18/02/2026,23/02/2026,20/02/2026,"3,519",31.6,4.2,13.8,7.0,–,7.4,1.3,8.3,3.9,4.1,1.1,2.9,17.8
GPO/iefimerida,12/02/2026,14/02/2026,13/02/2026,"1,000",30.1,5.6,13.2,9.2,–,10.9,2.2,11.1,2.5,2.3,2.2,2.1,16.9
Metron Analysis/Mega,11/02/2026,17/02/2026,14/02/2026,"1,311",29.4,5.4,12.7,8.3,0.5,10.9,1.9,11.2,3.3,4.2,1.9,1.3,16.7
Marc/ProtoThema,09/02/2026,18/02/2026,13/02/2026,"1,314",31.4,6.4,13.0,8.0,1.4,10.0,2.2,11.5,2.8,4.2,1.4,2.5,18.4
Real Polls/Protagon,07/02/2026,09/02/2026,08/02/2026,"1,715",28.9,5.3,12.7,8.8,0.4,9.1,0.9,11.9,5.2,4.6,1.3,1.5,16.2
Interview/Political,04/02/2026,09/02/2026,06/02/2026,"3,387",31.9,3.9,14.0,6.5,–,7.3,2.2,8.3,3.8,3.5,1.4,3.1,17.9
Alco/Alpha,27/01/2026,31/01/2026,29/01/2026,"1,000",28.8,4.5,12.9,8.7,–,11.5,2.7,9.7,3.1,3.4,1.6,2.2,15.9
MRB/Open,26/01/2026,28/01/2026,27/01/2026,"1,000",29.2,4.6,12.7,7.9,–,12.7,2.9,13.2,2.6,3.4,1.3,2.1,16.0
GPO/Star,23/01/2026,27/01/2026,25/01/2026,"1,200",30.2,5.2,13.3,8.4,–,11.8,2.3,10.1,2.6,3.5,2.5,2.2,16.9
Interview/Politic,22/01/2026,26/01/2026,24/01/2026,"3,129",32.3,3.5,15.2,5.3,–,6.5,2.4,7.6,4.4,4.1,1.1,2.9,17.1
Pulse/Skai,16/01/2026,19/01/2026,17/01/2026,"1,123",29.5,5.5,13.0,8.0,1.0,9.5,2.0,10.0,3.0,4.0,2.0,2.0,16.5
Metron Analysis/Mega,14/01/2026,20/01/2026,17/01/2026,"1,309",28.5,3.9,12.5,8.0,0.6,10.7,2.5,11.7,2.7,3.3,2.5,1.7,16.0
Opinion Poll/Action24,14/01/2026,16/01/2026,15/01/2026,"1,003",30.2,4.2,13.4,8.2,1.1,10.1,2.1,10.4,2.4,4.2,1.2,1.5,16.8
GPO/Parapolitika,12/01/2026,15/01/2026,13/01/2026,"1,000",28.9,5.0,13.7,9.2,–,11.8,2.0,11.1,2.7,2.1,1.8,2.2,15.2
Real Polls/Protagon,11/01/2026,12/01/2026,11/01/2026,"1,894",28.7,5.3,10.3,7.7,0.9,9.0,0.8,13.6,4.5,4.3,1.6,1.2,15.1
Interview/Political,09/01/2026,12/01/2026,10/01/2026,"1,709",32.4,4.1,14.9,7.3,–,7.0,1.8,7.3,4.5,4.2,1.3,3.3,17.5
Palmos Analysis/Eleftheros Typos,22/12/2025,29/12/2025,25/12/2025,"1,043",29.6,6.9,12.3,8.9,2.1,9.7,2.5,11.2,2.1,5.7,1.8,1.7,17.3
Interview/Politic,16/12/2025,19/12/2025,17/12/2025,"3,519",29.4,4.0,14.8,6.1,–,8.3,1.5,10.4,4.5,4.7,1.4,4.2,14.6
Opinion Poll/Action24,11/12/2025,16/12/2025,13/12/2025,"1,004",29.7,4.5,13.6,8.6,1.2,11.9,2.6,10.1,3.1,4.0,1.2,2.4,16.1
Pulse/Skai,11/12/2025,14/12/2025,12/12/2025,"1,102",29.0,6.5,13.5,8.5,1.0,10.0,2.5,11.0,3.0,3.5,2.0,2.5,15.5
GPO/Parapolitika,10/12/2025,13/12/2025,11/12/2025,"1,000",28.0,5.0,14.6,10.0,–,11.9,2.3,10.1,2.3,2.7,1.7,2.3,13.4
Alco/Alpha,10/12/2025,13/12/2025,11/12/2025,"1,000",29.8,5.9,14.7,9.2,–,12.0,3.3,8.0,3.0,4.0,1.4,2.9,15.1
Metron Analysis/Mega,09/12/2025,16/12/2025,12/12/2025,"1,300",27.0,5.5,14.1,8.4,0.5,11.6,2.6,12.5,3.6,4.9,2.7,1.4,12.9
Real Polls/Protagon,06/12/2025,08/12/2025,07/12/2025,"1,735",28.5,8.5,12.5,7.8,1.3,8.7,1.3,11.8,4.4,4.8,1.6,1.8,16.0
MRB/Open,04/12/2025,12/12/2025,08/12/2025,"2,000",29.2,7.7,14.1,8.6,–,11.7,2.5,9.7,3.0,5.0,1.5,1.9,15.1
Interview/Political,04/12/2025,08/12/2025,06/12/2025,"3,452",30.8,4.0,13.8,6.5,–,7.7,1.1,7.5,4.0,6.3,1.5,4.0,13.8
GPO/Star,24/11/2025,26/11/2025,25/11/2025,"1,200",29.5,4.8,14.7,9.9,–,12.2,2.7,6.8,2.2,3.5,1.7,2.5,14.8
Interview/Politic,20/11/2025,24/11/2025,22/11/2025,"3,313",30.0,3.6,16.0,5.5,–,7.8,1.6,4.8,4.2,5.3,1.7,4.5,16.0
Marc/ProtoThema,18/11/2025,26/11/2025,22/11/2025,"1,252",31.0,7.2,14.0,9.0,1.6,9.7,2.7,10.0,3.0,3.6,1.2,2.2,17.0
MRB/Open,18/11/2025,20/11/2025,19/11/2025,"1,000",29.1,4.8,13.5,8.7,–,11.9,3.0,9.2,2.6,5.9,2.0,2.4,15.6
Pulse/Skai,16/11/2025,18/11/2025,17/11/2025,"1,105",30.0,6.5,14.0,8.5,1.5,10.0,2.5,8.5,4.0,4.0,2.5,2.5,16.0
Palmos Analysis/Eleftheros Typos,12/11/2025,19/11/2025,15/11/2025,"1,030",30.1,4.9,12.4,10.3,2.0,9.9,3.5,9.7,3.5,5.2,1.7,1.8,17.7
GPO/Parapolitika,11/11/2025,18/11/2025,14/11/2025,"1,001",29.1,5.9,15.2,8.9,–,12.2,2.9,7.8,2.4,3.0,1.7,2.8,13.9
Metron Analysis/Mega,11/11/2025,18/11/2025,14/11/2025,"1,313",29.3,6.1,13.5,7.5,0.7,10.0,1.9,9.8,3.7,4.4,2.2,2.7,15.8
Opinion Poll/Action24,10/11/2025,11/11/2025,10/11/2025,"1,066",30.2,4.2,13.7,8.1,1.2,10.7,2.5,9.0,3.4,4.5,1.2,2.7,16.5
Real Polls/Protagon,09/11/2025,10/11/2025,09/11/2025,"1,765",30.6,5.6,13.9,7.2,1.5,9.8,1.9,7.6,4.3,5.9,1.7,2.2,16.7
Interview/Political,06/11/2025,10/11/2025,08/11/2025,"3,065",29.2,3.7,15.0,7.9,-,8.1,1.6,5.7,5.3,6.0,1.4,5.0,14.2
Alco/Alpha,29/10/2025,02/11/2025,31/10/2025,"1,000",29.7,6.4,14.9,9.0,–,11.3,2.5,8.2,3.1,4.3,1.8,3.2,14.8
Interview/Politic,23/10/2025,28/10/2025,25/10/2025,"3,313",29.3,3.2,16.0,7.1,–,7.9,1.5,6.6,3.9,4.5,1.9,4.5,13.3
Pulse/Skai,17/10/2025,20/10/2025,18/10/2025,"1,112",29.0,6.5,13.5,9.5,1.0,10.0,2.5,9.5,3.0,4.0,2.5,2.5,15.5
Metron Analysis/Mega,14/10/2025,20/10/2025,17/10/2025,"1,300",28.7,4.9,12.8,10.0,0.5,11.7,2.8,9.9,3.1,3.6,2.0,3.2,15.9
Marc/Ant1,13/10/2025,17/10/2025,15/10/2025,"1,107",30.5,7.0,14.0,8.4,1.7,9.5,2.5,10.8,3.2,3.8,1.0,2.6,16.5
MRB/Open,13/10/2025,15/10/2025,14/10/2025,"1,000",28.0,4.3,13.8,8.6,–,12.1,1.7,9.4,2.7,5.2,2.0,2.9,14.2
GPO/Parapolitika,08/10/2025,11/10/2025,09/10/2025,"1,000",28.6,5.4,15.4,8.8,–,11.5,2.6,8.8,2.5,3.2,1.8,2.8,13.2
Opinion Poll/Action24,07/10/2025,10/10/2025,08/10/2025,"1,005",30.1,4.5,13.8,7.6,–,11.1,2.3,10.9,3.2,4.5,1.2,2.6,16.3
Interview/Political,01/10/2025,08/10/2025,04/10/2025,"3,282",31.5,4.0,15.3,6.5,–,8.2,1.5,6.9,5.8,4.6,1.8,4.8,16.2
Alco/Alpha,23/09/2025,27/09/2025,25/09/2025,"1,000",29.6,7.7,14.2,8.8,–,11.5,2.6,8.8,3.1,4.4,1.6,2.8,15.4
GPO/Star,22/09/2025,24/09/2025,23/09/2025,"1,200",30.0,6.3,14.9,9.6,–,11.9,2.8,9.6,2.4,3.4,1.8,2.5,15.1
Interview/Politic,18/09/2025,22/09/2025,20/09/2025,"3,050",29.7,5.4,15.0,7.4,–,8.1,1.5,7.6,4.0,4.2,2.8,4.4,14.7
Palmos Analysis/TheOpinion,15/09/2025,19/09/2025,17/09/2025,"1,058",29.3,4.4,13.6,8.8,1.6,11.9,2.5,9.9,3.4,4.2,2.0,2.0,15.7
Prorata/EfSyn,15/09/2025,19/09/2025,17/09/2025,"1,038",27.0,8.0,13.2,9.2,–,11.5,2.3,9.2,4.0,4.6,1.7,1.7,13.8
MRB/Open,15/09/2025,17/09/2025,16/09/2025,"1,000",28.1,5.2,13.7,8.1,–,12.0,3.1,11.1,3.7,4.1,2.1,3.1,14.4
Pulse/Skai,14/09/2025,16/09/2025,15/09/2025,"1,129",29.0,7.0,14.0,8.5,1.5,9.5,3.0,10.5,3.5,3.5,2.5,2.5,15.0
Metron Analysis/Mega,10/09/2025,16/09/2025,13/09/2025,"1,300",28.2,6.2,13.6,8.1,0.4,11.8,1.9,10.2,4.2,4.1,2.5,2.2,14.6
Real Polls/Protagon,10/09/2025,11/09/2025,10/09/2025,"1,820",27.9,7.9,13.8,7.6,1.3,10.8,1.1,9.5,6.3,5.3,2.5,1.8,14.1
GPO/Parapolitika,08/09/2025,10/09/2025,09/09/2025,"1,000",29.7,6.6,14.3,10.4,–,11.1,2.3,10.0,1.8,3.9,1.8,3.0,15.4
Opinion Poll/Action24,08/09/2025,10/09/2025,09/09/2025,"1,002",30.5,4.2,14.0,7.4,1.3,11.5,2.4,11.7,3.4,4.3,1.6,2.7,16.5
Interview/Political,08/09/2025,10/09/2025,09/09/2025,"3,432",26.7,4.1,14.6,8.8,–,9.8,2.3,5.6,4.2,4.9,2.6,4.2,12.1
Interview/Politic,21/08/2025,25/08/2025,23/08/2025,"2,848",25.9,4.5,14.8,7.8,–,10.1,2.1,10.0,5.0,5.2,1.4,5.3,11.1
GPO/Parapolitika,21/07/2025,23/07/2025,22/07/2025,"1,500",28.7,6.3,14.0,9.0,–,11.8,2.4,13.1,1.3,3.6,1.8,3.0,14.7
Prorata/Newsbomb,11/07/2025,16/07/2025,13/07/2025,"1,000",27.0,8.0,13.5,9.5,–,10.5,3.0,11.5,4.0,3.5,2.5,2.5,13.5
Real Polls/Protagon,11/07/2025,14/07/2025,12/07/2025,"1,668",29.4,6.6,12.5,7.8,1.4,10.1,1.0,11.0,4.9,5.6,1.2,3.4,17.0
Opinion Poll/Action24,02/07/2025,04/07/2025,03/07/2025,"1,002",29.8,5.5,13.9,8.0,1.2,10.5,3.1,13.7,3.3,2.6,1.7,3.1,15.9
Pulse/Skai,27/06/2025,01/07/2025,29/06/2025,"1,212",28.5,7.5,13.5,8.0,1.5,9.0,3.5,12.0,3.5,2.5,2.5,3.5,15.0
Interview/Politic,19/06/2025,23/06/2025,21/06/2025,"1,915",31.3,3.6,14.5,7.1,–,8.5,2.8,10.3,3.9,4.0,2.0,4.5,16.8
Metron Analysis/Mega,18/06/2025,24/06/2025,21/06/2025,"1,000",28.5,5.9,13.1,9.9,1.5,9.3,3.7,12.3,3.6,2.8,3.0,3.0,15.4
Real Polls/Protagon,13/06/2025,16/06/2025,14/06/2025,"1,702",31.5,6.9,13.0,7.0,2.0,8.4,1.6,12.3,3.7,3.6,1.9,3.2,18.5
MRB/Open,11/06/2025,20/06/2025,15/06/2025,"2,000",30.2,6.3,14.0,8.9,–,10.8,2.9,13.6,3.1,2.6,1.9,2.9,16.2
Alco/Alpha,10/06/2025,14/06/2025,12/06/2025,"1,001",30.4,6.1,13.0,9.2,–,9.6,3.2,11.5,3.3,3.3,1.9,3.2,17.4
GPO/Parapolitika,10/06/2025,13/06/2025,11/06/2025,"1,000",30.3,6.1,14.7,8.4,–,10.8,2.6,14.6,1.2,3.5,1.8,2.8,15.6
Interview/Political,04/06/2025,09/06/2025,06/06/2025,"1,825",28.3,4.2,14.2,8.3,1.5,10.5,3.0,9.6,3.5,2.8,2.2,3.8,14.1
Opinion Poll/Libre,02/06/2025,05/06/2025,03/06/2025,"1,002",30.6,5.8,13.7,8.1,1.1,9.8,3.2,15.8,3.1,2.1,1.2,3.2,14.8
GPO/Star,30/05/2025,03/06/2025,01/06/2025,"1,200",29.6,6.7,14.3,9.1,–,11.3,2.3,14.5,2.1,2.5,1.5,2.9,15.1
Alco/Epikaira,29/05/2025,03/06/2025,31/05/2025,"1,000",29.4,8.1,12.4,9.3,–,9.5,3.5,12.9,3.1,3.6,1.4,3.0,16.5
MRB/Open,26/05/2025,28/05/2025,27/05/2025,"1,000",29.7,5.5,13.2,8.5,–,10.7,3.5,15.6,3.5,2.6,1.4,3.5,14.1
Pulse RC/Skai,24/05/2025,27/05/2025,25/05/2025,"1,170",29.0,6.5,13.5,8.0,2.0,9.0,3.5,13.5,3.5,3.0,2.5,3.5,15.5
Interview/Politic,21/05/2025,26/05/2025,23/05/2025,"1,905",30.1,5.3,14.2,8.7,1.4,8.8,3.7,11.0,3.6,3.5,1.4,3.5,15.9
Opinion Poll/Action24,19/05/2025,21/05/2025,20/05/2025,"1,001",30.4,5.8,13.4,8.2,1.0,9.6,3.0,16.0,2.4,2.9,1.2,2.9,14.4
Metron Analysis/Mega,14/05/2025,20/05/2025,17/05/2025,"1,303",30.2,6.1,14.0,8.7,0.6,8.6,3.1,14.2,2.6,1.8,2.4,3.0,16.0
Marc/ProtoThema,12/05/2025,15/05/2025,13/05/2025,"1,103",30.6,6.2,13.8,7.8,1.2,8.2,3.2,15.6,2.6,2.7,1.1,3.4,15.0
Real Polls/Protagon,09/05/2025,12/05/2025,10/05/2025,"1,723",31.9,5.0,12.9,7.3,0.7,7.1,2.4,18.9,2.6,2.6,1.9,2.3,13.0
Interview/Political,06/05/2025,11/05/2025,08/05/2025,"1,805",30.0,5.0,14.1,8.1,1.7,9.7,4.1,8.9,3.8,3.3,1.9,4.3,15.9
Alco/Alpha,28/05/2025,03/05/2025,15/05/2025,"1,000",29.4,8.0,12.4,8.5,–,10.0,3.7,13.8,2.6,3.2,1.3,2.9,15.6
Opinion Poll/Action24,28/04/2025,02/05/2025,30/04/2025,"1,003",30.0,6.1,13.0,8.4,–,10.5,3.2,16.5,2.6,3.0,1.6,2.7,13.5
GPO/Parapolitika,28/04/2025,30/04/2025,29/04/2025,"1,000",28.7,6.6,14.3,9.5,–,10.8,3.2,14.6,1.3,2.3,2.2,2.3,14.1
Pulse RC/Skai,25/04/2025,28/04/2025,26/04/2025,"1,144",29.0,7.0,13.0,8.5,1.0,9.5,3.5,14.0,3.0,3.0,3.0,3.0,15.0
Interview/Politic,24/04/2025,28/04/2025,26/04/2025,"1,905",29.0,4.8,13.2,7.9,1.2,8.9,4.0,12.8,3.6,3.9,1.5,4.2,15.8
MRB/Open,07/04/2025,09/04/2025,08/04/2025,"1,000",26.9,6.6,12.4,7.4,–,11.3,4.0,17.8,3.3,3.7,2.0,3.2,9.1
Interview/Political,04/04/2025,08/04/2025,06/04/2025,"1,515",27.0,5.5,12.5,8.5,1.7,9.0,3.9,14.6,3.4,3.7,1.1,3.3,12.4
Real Polls/Protagon,04/04/2025,07/04/2025,05/04/2025,"1,740",29.7,6.6,10.5,7.6,1.5,8.8,2.3,17.9,4.2,3.5,0.8,3.4,11.8
Prorata/Attica,03/04/2025,07/04/2025,05/04/2025,"1,000",25.5,7.5,13.5,9.0,–,12.5,3.0,15.5,3.0,4.0,2.0,2.0,10.0
Metron Analysis/Mega,02/04/2025,08/04/2025,05/04/2025,"1,300",27.3,6.9,12.5,8.3,1.2,10.4,2.1,15.0,2.7,3.1,2.5,1.7,12.3
GPO/Parapolitika,31/03/2025,04/04/2025,02/04/2025,"1,000",26.6,6.5,14.6,9.7,–,11.1,3.1,15.3,2.1,3.3,2.2,2.3,11.3
Marc/Ant1,27/03/2025,01/04/2025,29/03/2025,"1,139",28.6,7.6,13.3,7.5,1.3,8.8,3.2,16.2,3.2,3.3,1.2,3.5,12.4
Interview/Politic,21/03/2025,26/03/2025,23/03/2025,"1,545",25.5,6.7,12.5,9.9,1.7,10.9,3.2,14.1,3.6,4.0,2.2,3.3,11.4
GPO/Parapolitika,18/03/2025,19/03/2025,18/03/2025,"1,000",26.9,6.5,15.6,9.0,–,10.5,3.2,15.0,2.1,3.7,2.2,2.2,11.3
Pulse RC/Skai,16/03/2025,18/03/2025,17/03/2025,"1,144",27.5,8.0,14.0,8.0,0.5,9.5,4.0,14.0,3.0,4.0,2.5,2.5,13.5
Opinion Poll/Action24,14/03/2025,18/03/2025,16/03/2025,"1,003",28.1,6.0,14.3,8.3,1.2,11.4,3.1,15.9,2.3,4.1,1.2,2.4,12.2
Metron Analysis/Mega,12/03/2025,18/03/2025,15/03/2025,"1,309",26.4,7.3,13.3,8.4,0.8,9.9,4.7,14.6,2.9,3.9,2.7,2.8,11.8
Alco/Alpha,12/03/2025,16/03/2025,14/03/2025,"1,000",27.8,8.1,13.9,9.3,–,9.8,3.2,12.3,3.2,3.9,1.3,2.1,13.9
Interview/Political,10/03/2025,12/03/2025,11/03/2025,"2,195",25.8,5.0,13.1,9.6,1.8,10.0,3.0,15.2,3.6,4.3,1.3,4.2,10.6
Real Polls/Protagon,08/03/2025,10/03/2025,09/03/2025,"1,710",27.0,6.0,13.7,8.5,1.9,8.0,3.1,16.6,3.3,3.7,0.9,3.1,10.4
GPO/Flash.gr,06/03/2025,10/03/2025,08/03/2025,"1,100",27.3,6.9,17.6,9.1,1.4,10.5,2.7,10.5,2.2,4.2,1.9,2.3,9.7
Good Affairs/To Vima,04/03/2025,06/03/2025,05/03/2025,"2,008",25.7,7.1,13.8,9.2,–,12.4,3.2,11.2,2.3,4.5,1.7,3.5,11.9
MRB/Open,04/03/2025,06/03/2025,05/03/2025,"1,000",26.7,8.0,15.4,9.0,1.3,11.4,3.1,12.0,3.1,4.7,1.3,2.7,11.3
GPO/Star,01/03/2025,04/03/2025,02/03/2025,"1,140",27.9,7.2,17.9,9.5,–,11.1,2.7,8.3,2.2,5.1,2.1,2.5,10.0
Pulse RC/Skai,21/02/2025,24/02/2025,22/02/2025,"1,153",28.5,8.0,15.5,9.0,1.0,10.0,3.0,8.0,3.5,4.5,2.5,3.5,13.0
Prorata/Attica,20/02/2025,24/02/2025,22/02/2025,"1,000",25.0,9.0,16.5,10.0,–,12.5,2.0,10.0,2.0,6.5,3.0,1.5,8.5
Interview/Politic,19/02/2025,24/02/2025,21/02/2025,"2,605",27.2,6.1,13.5,9.7,2.0,9.7,3.3,9.1,3.3,5.8,1.7,4.7,13.7
Metron Analysis/Mega,12/02/2025,18/02/2025,15/02/2025,"1,301",28.8,7.6,14.6,9.1,0.4,10.3,2.5,8.9,2.6,4.8,3.3,3.2,14.2
Alco/Alpha,11/02/2025,16/02/2025,13/02/2025,"1,001",28.7,8.6,15.6,9.0,2.0,8.9,3.9,6.6,2.2,6.7,1.6,3.2,13.1
GPO/Parapolitika,10/02/2025,14/02/2025,12/02/2025,"1,000",28.3,6.7,17.6,9.1,–,10.9,2.2,7.8,1.9,6.7,1.9,3.0,10.7
Real Polls/Protagon,04/02/2025,06/02/2025,05/02/2025,"1,617",26.9,5.8,13.8,8.9,1.3,8.5,1.9,10.2,2.2,9.8,2.5,5.3,13.1
GPO/Parapolitika,28/01/2025,29/01/2025,28/01/2025,"1,000",29.0,6.9,18.9,9.5,–,11.1,2.4,6.2,1.6,6.4,2.2,2.4,10.1
Interview/Political,27/01/2025,31/01/2025,29/01/2025,"1,000",30.1,8.4,14.5,9.1,1.2,9.9,3.5,4.7,3.7,6.9,1.4,4.1,15.6
MRB/Open,27/01/2025,29/01/2025,28/01/2025,"1,000",27.9,8.4,16.4,9.4,–,9.5,3.1,7.4,3.1,8.0,1.3,4.0,11.5
GPO/Star,20/01/2025,22/01/2025,21/01/2025,"1,200",30.9,7.4,19.2,9.4,–,9.2,2.8,4.4,1.7,5.7,2.4,3.6,11.7
Pulse RC/Skai,19/01/2025,21/01/2025,20/01/2025,"1,124",30.0,8.5,16.0,9.5,1.0,9.5,3.0,4.5,3.0,6.0,2.5,4.0,14.0
Metron Analysis/Mega,15/01/2025,21/01/2025,18/01/2025,"1,305",29.1,8.1,17.4,8.5,0.4,9.8,3.0,4.5,3.3,7.1,1.8,3.1,11.7
Alco/Alpha,15/01/2025,19/01/2025,17/01/2025,"1,000",30.1,8.7,16.5,9.8,–,8.7,3.9,4.9,3.0,5.6,1.4,3.4,13.6
Interview/Politic,14/01/2025,20/01/2025,17/01/2025,"2,555",30.5,6.4,16.0,8.5,1.7,8.7,3.4,4.2,2.7,6.9,1.6,5.2,14.5
Opinion Poll/Action24,08/01/2025,10/01/2025,09/01/2025,"1,003",30.8,7.5,17.4,8.6,1.2,8.6,2.9,5.9,2.9,6.1,2.1,4.2,13.4
Marc/Ant1,07/01/2025,10/01/2025,08/01/2025,"1,198",31.4,8.5,18.0,8.2,1.0,7.1,3.0,5.0,3.0,4.8,1.4,5.1,13.4
Palmos Analysis/Eleftheros Typos,16/12/2024,23/12/2024,19/12/2024,"1,043",31.3,8.6,16.3,9.0,2.3,8.1,3.1,4.9,3.5,4.7,1.9,3.7,15.0
Pulse RC/Skai,15/12/2024,17/12/2024,16/12/2024,"1,121",30.0,8.0,17.0,9.5,1.5,9.0,4.5,5.0,2.5,5.0,2.0,5.0,13.0
Metron Analysis/Mega,11/12/2024,17/12/2024,14/12/2024,"1,303",29.2,7.4,17.4,9.1,0.6,8.7,3.0,7.3,2.6,5.3,2.8,4.1,11.8
Interview/Politic,11/12/2024,16/12/2024,13/12/2024,"2,530",29.0,7.3,16.3,8.5,1.9,8.5,3.7,3.4,3.2,6.4,2.5,7.1,12.7
Opinion Poll/Manifesto,11/12/2024,13/12/2024,12/12/2024,"1,005",30.2,6.6,18.6,7.9,1.7,7.8,4.1,5.8,2.8,6.3,1.6,5.1,11.6
GPO/Parapolitika,09/12/2024,13/12/2024,11/12/2024,"1,000",30.3,6.9,19.8,9.5,–,9.2,3.3,3.6,1.4,5.8,2.8,4.4,10.5
MRB/Open,04/12/2024,13/12/2024,08/12/2024,"2,000",28.3,9.9,17.5,9.9,1.2,9.9,3.3,3.8,3.5,5.6,1.6,4.3,10.8
Real Polls/Star,04/12/2024,07/12/2024,05/12/2024,"2,289",33.2,7.2,16.8,7.4,1.5,7.4,2.6,4.8,3.3,7.4,2.0,6.4,16.4
Prorata/Attica,03/12/2024,09/12/2024,06/12/2024,"1,100",29.0,8.0,18.5,9.0,–,9.0,3.5,5.0,3.5,4.5,2.5,3.0,10.5
Alco/Alpha,02/12/2024,07/12/2024,04/12/2024,"1,002",27.9,8.3,18.5,9.2,–,10.2,3.6,5.1,2.3,5.9,1.2,5.2,9.4
Marc/ProtoThema,25/11/2024,28/11/2024,26/11/2024,"1,072",31.0,7.8,18.7,8.0,1.3,7.7,3.0,5.2,2.8,4.5,1.3,5.2,12.3
Pulse RC/Skai,24/11/2024,26/11/2024,25/11/2024,"1,129",29.5,8.0,17.0,9.0,2.0,8.0,3.5,4.0,3.0,5.0,2.5,5.0,12.5
Interview/Politic,21/11/2024,25/11/2024,23/11/2024,"2,785",29.4,4.6,17.0,8.6,1.6,9.2,3.2,3.8,3.2,7.6,2.7,6.5,12.4
Metron Analysis/Mega,20/11/2024,26/11/2024,23/11/2024,"1,410",27.3,8.1,19.1,10.4,1.0,11.8,3.2,3.4,2.0,4.3,1.9,4.2,8.2
Metron Analysis/Mega,20/11/2024,26/11/2024,23/11/2024,"1,410",28.6,6.7,18.6,9.9,1.2,9.3,3.6,5.4,2.7,6.2,3.5,1.5,10.0
GPO/Parapolitika,18/11/2024,22/11/2024,20/11/2024,"1,000",30.6,6.9,20.7,9.4,1.4,9.1,3.8,4.0,1.8,6.3,2.0,1.8,9.9
GPO/Parapolitika,15/11/2024,16/11/2024,15/11/2024,"1,000",31.6,6.9,20.3,9.4,–,9.3,3.7,4.1,1.8,5.5,2.4,3.1,11.3
Real Polls/Alpha,12/11/2024,13/11/2024,12/11/2024,"1,759",29.7,3.6,16.7,8.3,–,7.5,2.9,4.7,3.4,8.3,2.9,6.5,13.0
Opinion Poll/Action24,07/11/2024,12/11/2024,09/11/2024,"1,201",29.8,6.6,20.4,9.4,1.7,9.7,3.0,6.3,2.6,4.8,2.4,–,9.4
Marc/ANT1,22/10/2024,26/10/2024,24/10/2024,"1,112",31.0,10.3,19.2,8.6,1.7,8.8,3.5,5.0,2.8,4.6,1.7,–,11.8
MRB/Open,21/10/2024,23/10/2024,22/10/2024,"1,000",28.1,8.3,18.2,9.7,1.7,11.0,3.8,5.3,3.9,4.7,1.6,–,9.9
Metron Analysis/Mega,16/10/2024,22/10/2024,19/10/2024,"1,306",29.1,8.7,19.8,8.9,1.6,9.0,2.4,5.3,1.8,4.5,4.0,–,9.3
Interview/Politic,16/10/2024,21/10/2024,18/10/2024,"2,325",29.2,7.7,15.3,9.4,–,8.3,5.2,4.4,4.1,7.0,3.5,–,13.9
Alco/Alpha,15/10/2024,19/10/2024,17/10/2024,"1,003",29.5,7.7,18.1,10.2,–,11.0,4.6,3.9,3.3,4.8,2.2,–,11.4
GPO/Star,14/10/2024,16/10/2024,15/10/2024,"1,200",32.7,9.4,17.6,10.2,–,10.0,3.7,4.4,1.8,5.4,2.6,–,15.1
MRB/Open,30/09/2024,02/10/2024,01/10/2024,"1,691",28.4,9.7,15.8,10.0,1.3,10.8,3.9,4.5,4.0,4.7,2.7,–,12.6
Pulse RC/Skai,29/09/2024,01/10/2024,30/09/2024,"1,311",30.0,11.5,15.5,10.5,2.0,9.5,3.5,4.0,3.0,4.5,2.5,–,14.5
Metron Analysis/Mega,26/09/2024,02/10/2024,29/09/2024,"1,700",29.2,8.4,17.2,10.6,1.7,9.9,3.4,4.6,2.6,4.8,3.2,–,12.6
Palmos Analysis/Tvxs,24/09/2024,28/09/2024,26/09/2024,"1,012",29.3,10.6,18.2,9.7,2.2,7.5,5.2,4.2,3.3,4.1,2.9,–,11.1
Opinion Poll/Action24,24/09/2024,27/09/2024,25/09/2024,"1,503",32.3,9.2,16.7,10.5,–,9.3,4.0,4.3,2.9,4.5,2.5,–,15.6
Interview/Politic,19/09/2024,23/09/2024,21/09/2024,"2,814",28.0,8.9,17.1,8.5,–,9.5,3.8,3.6,3.4,6.3,2.9,–,10.9
Prorata/Attica,16/09/2024,21/09/2024,18/09/2024,"1,200",27.3,10.8,15.3,10.8,–,11.4,4.0,5.1,3.4,4.5,3.4,–,12.0
Metron Analysis/Mega,13/09/2024,23/09/2024,18/09/2024,"1,603",30.2,8.8,15.5,10.6,1.1,9.0,3.7,4.9,3.6,3.9,3.3,–,14.7
MRB/Open,13/09/2024,18/09/2024,15/09/2024,"1,591",28.0,9.0,15.5,10.1,1.3,10.6,4.0,5.2,3.6,4.5,2.8,–,12.5
Pulse RC/Skai,13/09/2024,16/09/2024,14/09/2024,"1,301",30.0,12.5,16.0,9.5,1.0,9.0,4.5,5.0,3.0,4.5,2.0,–,14.0
Alco/Alpha,09/09/2024,14/09/2024,11/09/2024,"1,000",28.8,11.1,16.0,9.4,–,12.0,4.6,4.0,2.4,4.1,1.5,–,12.8
GPO/Star,08/09/2024,10/09/2024,09/09/2024,"1,200",33.8,11.5,14.7,10.3,–,10.1,3.3,4.3,1.9,5.1,2.5,–,19.1
Metron Analysis/Mega,05/09/2024,10/09/2024,07/09/2024,"1,308",29.8,9.5,15.7,9.7,1.0,10.9,4.4,5.3,1.8,5.4,2.6,–,14.1
Data Consultants/Pelop,02/09/2024,11/09/2024,06/09/2024,"1,143",30.0,9.9,16.6,9.3,–,10.6,4.1,4.2,2.7,3.7,3.2,–,13.4
Interview/Politic,02/09/2024,06/09/2024,04/09/2024,"1,085",27.2,10.7,14.7,11.2,–,11.7,4.6,4.4,–,4.4,1.1,–,12.5
Opinion Poll/Action24,27/08/2024,30/08/2024,28/08/2024,"1,203",31.1,12.1,15.1,10.1,–,8.5,3.9,4.1,3.1,3.4,2.4,–,14.0
MRB/Open,26/08/2024,30/08/2024,28/08/2024,"1,611",27.7,10.9,13.4,9.3,–,10.2,4.1,6.8,2.9,4.4,2.8,–,14.3
Interview/Politic,21/08/2024,26/08/2024,23/08/2024,"2,805",26.5,9.9,14.0,10.4,–,10.5,3.9,4.6,–,4.8,1.8,–,12.5
MRB/Open,27/06/2024,04/07/2024,30/06/2024,"2,000",29.7,14.5,13.3,9.1,–,8.7,3.5,4.3,3.5,3.2,2.3,–,15.2
Kapa Research/Apogevmatini,25/06/2024,28/06/2024,26/06/2024,"1,487",34.5,15.4,13.8,9.0,–,9.6,3.8,3.7,2.1,3.4,2.1,–,19.1
Metron Analysis/Mega,21/06/2024,01/07/2024,26/06/2024,"1,444",30.4,13.8,12.9,9.9,1.1,9.2,3.0,5.7,3.2,3.1,2.8,–,16.6
GPO/Star,17/06/2024,19/06/2024,18/06/2024,"1,200",33.9,16.0,14.4,9.3,–,9.3,3.8,3.6,–,3.8,2.2,–,17.9
2024 EP election,09/06/2024,09/06/2024,09/06/2024,–,28.3,14.9,12.8,9.3,–,9.3,4.4,3.4,2.5,3.0,2.5,–,13.4
GPO/Parapolitika,04/06/2024,07/06/2024,05/06/2024,"1,200",32.3,16.1,12.9,8.5,–,8.8,3.9,3.7,2.4,2.9,2.7,–,16.2
Pulse RC/Skai,04/06/2024,06/06/2024,05/06/2024,"1,169",31.3,16.2,12.8,7.8,–,8.4,3.3,3.3,3.3,2.7,3.3,–,15.1
MRB/Open,04/06/2024,06/06/2024,05/06/2024,"1,212",31.5,16.0,12.4,8.0,–,8.5,4.0,3.5,3.0,2.8,3.1,–,15.5
Marc/AΝΤ1,03/06/2024,05/06/2024,04/06/2024,"1,205",33.0,16.6,11.7,7.8,–,8.4,3.6,4.3,2.8,2.6,2.4,–,16.4
Good Affairs/To Vima,02/06/2024,05/06/2024,03/06/2024,"2,048",32.1,16.7,12.1,8.1,–,8.0,3.2,2.8,2.5,3.0,2.7,–,15.4
Alco/Alpha,02/06/2024,04/06/2024,03/06/2024,"1,000",31.1,15.2,12.7,8.0,–,8.6,5.5,3.1,3.5,2.6,3.5,–,15.9
Interview/Political,30/05/2024,06/06/2024,02/06/2024,"2,755",30.0,17.2,11.4,7.2,–,8.1,4.9,2.8,2.4,3.3,4.0,–,12.8
Interview/Politic,30/05/2024,03/06/2024,01/06/2024,"2,005",33.8,16.7,11.1,7.8,–,7.8,4.4,2.8,–,–,3.3,–,17.1
Prorata/Attica,29/05/2024,04/06/2024,01/06/2024,"1,000",32.4,13.7,13.2,9.3,–,9.3,3.8,4.4,2.8,2.8,3.8,–,18.7
Opinion Poll/Action24,29/05/2024,01/06/2024,30/05/2024,"1,201",33.0,16.2,12.3,8.0,–,9.0,3.4,3.7,2.6,2.6,2.7,–,16.8
Marc/Proto Thema,29/05/2024,31/05/2024,30/05/2024,"1,003",34.5,16.7,11.9,7.3,–,8.4,3.6,4.2,2.7,2.7,2.6,–,17.8
Metron Analysis/Mega,28/05/2024,05/06/2024,01/06/2024,"1,606",32.0,15.5,12.0,7.5,–,8.5,4.5,4.5,3.0,3.0,3.0,–,16.5
Pulse RC/Skai,27/05/2024,30/05/2024,28/05/2024,"1,203",32.0,16.5,13.0,7.5,–,8.5,3.5,3.5,3.5,2.4,3.0,–,15.5
Marc/ANT1,27/05/2024,30/05/2024,28/05/2024,"1,207",33.4,16.5,11.8,7.6,–,8.8,3.6,4.6,3.0,2.5,2.5,–,16.9
GPO/Star,27/05/2024,29/05/2024,28/05/2024,"1,200",33.1,16.2,13.2,8.2,–,8.4,3.6,3.5,2.0,2.2,3.0,–,16.9
Prorata/Attica,22/05/2024,28/05/2024,25/05/2024,"1,000",33.3,12.0,13.0,11.2,–,8.5,4.5,3.9,1.7,2.3,4.5,–,20.3
Metron Analysis/Mega,20/05/2024,24/05/2024,22/05/2024,"1,311",31.0,15.7,12.9,7.9,–,7.3,3.8,4.2,3.3,2.4,3.0,–,15.3
Good Affairs/Dailypost,18/05/2024,25/05/2024,21/05/2024,"1,000",31.1,16.3,11.1,7.8,–,8.1,4.0,3.0,1.6,2.8,2.8,–,14.8
Opinion Poll/Action24,15/05/2024,16/05/2024,15/05/2024,"1,006",33.3,15.5,12.1,8.3,–,9.9,3.3,3.8,2.3,2.8,2.8,–,17.8
GPO/Parapolitika,13/05/2024,16/05/2024,14/05/2024,"1,200",33.3,15.6,13.2,8.6,–,8.6,3.6,3.2,2.2,2.3,3.0,–,17.7
Alco/Alpha,13/05/2024,15/05/2024,14/05/2024,"1,000",32.5,16.0,13.0,9.0,–,10.0,3.5,3.3,2.2,2.4,2.9,–,16.5
Pulse RC/Skai,13/05/2024,15/05/2024,14/05/2024,"1,104",33.0,16.0,12.5,8.0,–,9.0,3.5,3.5,3.0,2.4,3.0,–,17.0
Marc/ANT1,10/05/2024,15/05/2024,12/05/2024,"1,209",33.8,15.2,12.2,8.0,–,8.3,3.2,4.5,3.0,2.8,3.0,–,18.6
MRB/Open,10/05/2024,14/05/2024,12/05/2024,"1,100",32.3,16.0,14.0,8.0,–,9.9,2.9,3.4,2.2,2.8,3.8,–,16.3
Interview/Politic,08/05/2024,13/05/2024,10/05/2024,"2,405",33.3,17.2,12.2,6.7,–,7.8,3.4,2.7,2.6,2.7,5.0,–,16.1
Good Affairs/To Vima,25/04/2024,30/04/2024,27/04/2024,"1,001",31.8,16.1,11.8,8.3,–,10.3,4.2,3.1,2.3,2.1,2.8,–,15.7
Opinion Poll/Action24,20/04/2024,22/04/2024,21/04/2024,"1,006",33.2,15.1,12.0,8.7,1.3,10.5,3.8,4.0,1.5,1.7,2.9,–,18.1
Marc/Proto Thema,18/04/2024,25/04/2024,21/04/2024,"1,049",33.4,14.7,11.4,8.5,2.4,9.8,3.4,5.4,2.4,2.2,2.5,–,18.7
GPO/Parapolitika,17/04/2024,22/04/2024,19/04/2024,"1,400",33.6,16.3,13.5,8.8,2.4,9.1,3.4,3.1,2.1,–,2.7,–,17.3
Metron Analysis/Mega,10/04/2024,16/04/2024,13/04/2024,"1,304",32.3,15.4,12.0,9.8,2.5,8.3,3.6,4.2,1.6,1.4,3.1,–,16.9
Opinion Poll/Action 24,08/04/2024,10/04/2024,09/04/2024,"1,006",32.1,15.0,12.4,8.5,2.6,10.7,3.7,3.7,1.3,1.4,3.2,–,17.1
Prorata/Attica,05/04/2024,10/04/2024,07/04/2024,"1,000",29.5,15.0,12.7,9.2,1.7,9.8,3.5,4.6,2.3,1.7,4.0,–,14.5
Interview/Politic,04/04/2024,08/04/2024,06/04/2024,"2,355",30.1,15.8,12.8,6.7,1.2,9.3,4.6,2.2,2.4,2.3,4.4,–,14.3
Alco/Alpha,02/04/2024,05/04/2024,03/04/2024,"1,000",29.9,14.3,13.3,9.4,2.7,9.6,4.2,4.1,2.3,1.4,3.0,–,15.6
Palmos Analysis/Eleftheros Typos,01/04/2024,04/04/2024,02/04/2024,"1,008",33.9,14.4,11.5,9.0,2.8,10.6,3.5,4.0,–,–,4.1,–,19.5
GPO/Parapolitika,01/04/2024,03/04/2024,02/04/2024,"1,000",33.4,15.9,14.2,9.0,2.2,9.5,3.3,3.0,1.8,–,2.2,–,17.5
MRB/Open,01/04/2024,03/04/2024,02/04/2024,"1,000",31.5,15.9,13.4,8.1,2.1,9.9,3.6,4.3,1.9,1.8,3.8,–,15.6
Pulse RC/Skai,01/04/2024,03/04/2024,02/04/2024,"1,105",33.0,15.0,12.5,8.5,3.0,9.0,3.5,3.5,2.5,1.8,3.0,–,18.0
Opinion Poll/Action24,15/03/2024,20/03/2024,17/03/2024,"1,010",34.4,13.4,12.5,9.4,2.5,10.1,4.3,2.9,1.9,–,2.8,–,21.0
Metron Analysis/Mega,12/03/2024,19/03/2024,15/03/2024,"1,317",31.4,15.1,13.0,10.1,2.0,9.7,3.2,4.3,1.9,2.4,3.0,–,16.3
Good Affairs/To Vima,12/03/2024,14/03/2024,13/03/2024,"3,229",30.8,13.1,12.9,8.2,2.2,9.8,3.6,2.1,2.2,–,2.5,–,17.7
Marc/Proto Thema,11/03/2024,14/03/2024,12/03/2024,"1,086",35.0,13.5,12.8,9.5,2.7,9.0,3.0,3.1,2.5,–,2.7,–,21.5
GPO/Star,11/03/2024,13/03/2024,12/03/2024,"1,200",34.8,14.3,13.9,9.5,1.8,8.0,3.4,2.9,2.3,–,3.0,–,20.5
Interview/Politic,07/03/2024,11/03/2024,09/03/2024,"2,250",32.9,14.1,12.1,7.5,2.2,9.2,5.4,2.3,–,–,4.5,–,18.8
Alco/Alpha,01/03/2024,06/03/2024,03/03/2024,"1,000",32.8,12.7,14.1,10.8,2.9,7.9,4.5,3.6,2.8,–,3.4,–,18.7
Pulse RC/Skai,27/02/2024,01/03/2024,28/02/2024,"1,106",35.5,14.0,14.0,9.0,3.0,8.5,4.0,3.0,2.5,–,3.0,–,21.5
GPO/Parapolitika,26/02/2024,29/02/2024,27/02/2024,"1,000",36.4,13.5,14.4,10.7,2.2,8.2,3.4,2.4,2.7,–,2.9,–,22.0
Opinion Poll/Action24,26/02/2024,27/02/2024,26/02/2024,"1,504",33.9,11.9,13.9,10.1,2.7,10.2,4.2,3.5,2.6,–,3.3,–,20.0
MRB/Open,21/02/2024,27/02/2024,24/02/2024,"1,500",37.2,13.0,14.2,9.0,2.6,10.0,3.2,3.0,2.3,1.2,3.1,–,23.0
Metron Analysis/Mega,14/02/2024,20/02/2024,17/02/2024,"1,305",36.5,13.3,14.9,8.7,2.0,8.0,4.9,3.1,2.7,1.0,2.5,–,20.6
Opinion Poll/Action24,13/02/2024,16/02/2024,14/02/2024,"1,004",36.2,12.0,15.0,9.5,2.5,8.7,3.8,3.6,2.2,–,2.7,–,21.2
Interview/Politic,06/02/2024,12/02/2024,09/02/2024,"2,155",33.8,13.8,12.8,8.1,2.3,8.7,4.8,2.9,–,–,4.6,–,20.0
Alco/Alpha,01/02/2024,07/02/2024,04/02/2024,"1,201",34.5,12.6,15.0,11.2,2.8,7.5,3.9,3.1,2.2,–,2.6,–,19.5
Pulse RC/Skai,28/01/2024,30/01/2024,29/01/2024,"1,120",36.0,13.5,14.5,10.0,3.0,7.5,3.5,3.0,2.5,–,2.5,–,21.5
MRB/Open,22/01/2024,24/01/2024,23/01/2024,"1,000",37.3,13.5,13.7,9.0,3.2,8.2,3.5,3.8,2.4,–,2.6,–,23.6
GPO/Star,20/01/2024,25/01/2024,22/01/2024,"1,100",38.8,13.2,14.6,9.5,2.5,7.3,3.6,2.6,2.3,–,2.6,–,24.2
Metron Analysis/Mega,17/01/2024,23/01/2024,20/01/2024,"1,303",35.2,12.1,13.7,10.3,3.2,8.2,2.8,4.0,2.5,–,3.0,–,21.5
Marc/AΝΤ1,17/01/2024,23/01/2024,20/01/2024,"1,092",39.6,11.7,14.9,9.4,3.1,6.8,3.3,3.1,2.4,–,2.4,–,24.7
Interview/Politic,10/01/2024,15/01/2024,12/01/2024,"2,388",34.9,14.7,13.6,8.5,2.6,8.2,4.9,2.3,–,–,4.0,–,20.2
Opinion Poll/The Τοc,09/01/2024,12/01/2024,10/01/2024,"1,005",39.1,13.2,14.4,8.6,1.8,6.7,3.0,3.4,2.0,–,3.1,–,24.7
GPO/Parapolitika,09/01/2024,11/01/2024,10/01/2024,"1,000",39.4,12.1,14.7,9.9,2.3,7.2,3.2,3.2,2.5,–,2.3,–,24.7
Marc/Proto Thema,08/01/2024,15/01/2024,11/01/2024,"1,093",38.4,11.2,14.7,10.0,2.8,6.9,3.3,3.5,2.7,–,2.5,–,23.7
Prorata/Attica,05/01/2024,09/01/2024,07/01/2024,"1,000",36.6,12.8,15.9,11.0,3.7,6.1,3.7,3.0,1.8,–,3.7,–,20.7
Alco/Alpha,02/01/2024,05/01/2024,03/01/2024,"1,002",35.4,13.8,14.2,11.3,3.2,6.9,3.3,3.3,2.5,–,2.7,–,21.2
Palmos Analysis/Eleftheros Typos,20/12/2023,28/12/2023,24/12/2023,"1,200",38.7,12.6,14.7,10.3,3.6,5.9,3.1,3.2,2.8,–,2.2,–,24.0
Pulse RC/Skai,18/12/2023,20/12/2023,19/12/2023,"1,107",37.0,14.0,15.0,10.0,3.5,6.0,3.5,3.0,2.5,–,2.5,–,22.0
Metron Analysis/Mega,13/12/2023,19/12/2023,16/12/2023,"1,300",38.0,12.4,14.0,10.0,3.0,7.2,3.7,3.7,2.2,–,2.4,–,24.0
Opinion Poll/Action24,13/12/2023,15/12/2023,14/12/2023,"1,004",38.6,13.4,15.5,9.2,2.7,6.7,3.5,2.6,2.3,–,2.6,–,23.1
GPO/Parapolitika,05/12/2023,07/12/2023,06/12/2023,"1,000",41.2,11.3,14.0,10.3,3.7,6.2,3.1,3.2,1.7,–,2.9,–,27.2
Interview/Politic,04/12/2023,08/12/2023,06/12/2023,"2,356",35.4,14.8,14.2,7.6,2.3,7.4,4.5,3.5,–,–,2.8,–,20.6
MRB/Open,27/11/2023,06/12/2023,01/12/2023,"2,000",38.8,13.0,14.6,9.7,3.6,6.0,3.2,3.9,2.6,–,2.5,–,24.2
Real Polls/Documento,27/11/2023,29/11/2023,28/11/2023,"1,772",37.4,14.7,12.8,10.8,3.4,5.5,3.2,3.1,1.7,–,3.2,–,22.7
Metron Analysis/Mega,22/11/2023,28/11/2023,25/11/2023,"1,303",38.2,12.7,15.3,11.5,3.8,5.7,3.3,3.4,2.8,–,–,–,22.9
Pulse RC/Skai,19/11/2023,21/11/2023,20/11/2023,"1,112",38.0,14.5,15.0,10.5,3.5,5.5,3.0,3.0,3.5,–,–,–,23.0
Prorata/Αttica,15/11/2023,20/11/2023,17/11/2023,"1,000",41.7,12.9,14.7,12.9,3.1,4.9,3.1,4.3,2.5,–,–,–,27.0
Marc/Proto Thema,13/11/2023,16/11/2023,14/11/2023,"1,081",39.0,13.8,14.3,9.6,3.4,5.6,2.9,3.3,3.2,–,–,–,24.7
GPO/Parapolitika,13/11/2023,15/11/2023,14/11/2023,"1,200",41.8,12.8,14.0,10.3,4.2,6.3,3.3,3.6,1.4,–,–,–,27.8
Opinion Poll/Action24,13/11/2023,15/11/2023,14/11/2023,"1,011",38.5,14.7,16.0,10.6,3.0,6.3,3.9,2.5,2.4,–,–,–,22.5
Alco/Alpha,30/10/2023,03/11/2023,01/11/2023,"1,000",38.8,15.4,14.5,9.8,3.0,5.9,3.6,3.0,2.1,–,–,–,23.4
MRB/Open,30/10/2023,01/11/2023,31/10/2023,"1,000",38.0,15.2,13.9,9.6,2.5,7.7,3.4,3.8,3.2,–,–,–,22.8
Pulse RC/Skai,26/10/2023,30/10/2023,28/10/2023,"1,163",38.5,17.0,13.5,9.5,3.5,5.5,3.5,3.0,3.0,–,–,–,21.5
GPO/Star,23/10/2023,24/10/2023,23/10/2023,"1,110",41.6,14.7,13.5,9.7,4.0,6.1,2.8,2.6,–,–,–,–,26.9
Metron Analysis/Mega,18/10/2023,24/10/2023,21/10/2023,"1,301",38.0,15.2,13.4,10.2,2.6,6.9,3.2,3.7,3.5,–,–,–,22.8
Prorata/Attica,27/09/2023,02/10/2023,29/09/2023,"1,000",38.5,17.3,12.8,10.6,3.9,6.7,3.4,2.2,–,–,–,–,21.2
MRB/Open,25/09/2023,28/09/2023,26/09/2023,"1,000",38.0,17.3,12.1,9.0,3.3,7.3,3.9,2.9,2.8,–,–,–,20.7
Alco/Alpha,25/09/2023,28/09/2023,26/09/2023,"1,058",37.2,17.6,13.6,8.9,5.2,5.8,2.9,3.1,2.2,–,–,–,19.6
Pulse RC/Skai,25/09/2023,27/09/2023,26/09/2023,"1,142",38.0,19.0,12.0,9.0,4.0,6.0,3.0,3.0,2.0,–,–,–,19.0
Metron Analysis/Mega,21/09/2023,26/09/2023,23/09/2023,"1,300",36.4,16.8,12.5,9.5,3.9,7.5,4.4,3.1,2.4,–,–,–,19.6
Opinion Poll/Action24,21/09/2023,26/09/2023,23/09/2023,"1,005",39.1,17.3,12.3,9.5,3.6,5.9,4.6,3.4,–,–,–,–,21.8
June 2023 parliamentary election,25/06/2023,25/06/2023,25/06/2023,–,40.6,17.8,11.8,7.7,4.7,4.4,3.7,3.2,2.5,0.4,–,–,22.8